{"AU ROC Out1": 0.5996638372425064, "AU PR Out1": 0.4438012832669399, "AU ROC Out2": 0.8783417784320583, "AU PR Out2": 0.027802386563228258, "AU ROC Out12": 0.6020820088710273, "AU PR Out12": 0.44875584726864404}