{"AU ROC Out1": 0.5091156462585034, "AU PR Out1": 0.9245099163650372, "AU ROC Out2": 0.8219999999999998, "AU PR Out2": 0.7060403964392276, "AU ROC Out12": 0.5199561403508772, "AU PR Out12": 0.9304323880366736}