{"AU ROC Out1": 0.5804573804573805, "AU PR Out1": 0.28016209625870137, "AU ROC Out2": 0.8908108108108109, "AU PR Out2": 0.6230152375689209, "AU ROC Out12": 0.7325914149443561, "AU PR Out12": 0.563195641993332}