{"AU ROC Out1": 0.5074489795918367, "AU PR Out1": 0.9239261134138608, "AU ROC Out2": 0.826, "AU PR Out2": 0.7167764607549242, "AU ROC Out12": 0.5184868421052631, "AU PR Out12": 0.930024806674022}