{"AU ROC Out1": 0.5821205821205822, "AU PR Out1": 0.2805108367403064, "AU ROC Out2": 0.8908108108108109, "AU PR Out2": 0.6270756149398451, "AU ROC Out12": 0.7334393216746158, "AU PR Out12": 0.5647611687456127}