{"AU ROC Out1": 0.5203288942695724, "AU PR Out1": 0.2605948217998067, "AU ROC Out2": 0.8863276836158193, "AU PR Out2": 0.6099980989155627, "AU ROC Out12": 0.6333263583734393, "AU PR Out12": 0.503145781485942}