{"AU ROC Out1": 0.5100453514739228, "AU PR Out1": 0.9247737886595344, "AU ROC Out2": 0.8273333333333331, "AU PR Out2": 0.7212093224668557, "AU ROC Out12": 0.5210307017543859, "AU PR Out12": 0.9308031844664097}