{"AU ROC Out1": 0.71178303567037, "AU PR Out1": 0.29585992714174253, "AU ROC Out2": 0.8561092109479207, "AU PR Out2": 0.021311159352920713, "AU ROC Out12": 0.7160245515442932, "AU PR Out12": 0.30472404253915547}