{"AU ROC Out1": 0.48959183673469386, "AU PR Out1": 0.9186658861183271, "AU ROC Out2": 0.7306666666666666, "AU PR Out2": 0.5519350624078544, "AU ROC Out12": 0.4980701754385965, "AU PR Out12": 0.9241289834024619}