{"AU ROC Out1": 0.7176837470955117, "AU PR Out1": 0.7421455471178087, "AU ROC Out2": 0.8348648648648649, "AU PR Out2": 0.4016604852535299, "AU ROC Out12": 0.7295923972753241, "AU PR Out12": 0.7738879154543445}