{"AU ROC Out1": 0.47786848072562355, "AU PR Out1": 0.9162938600163067, "AU ROC Out2": 0.7499999999999999, "AU PR Out2": 0.5715065778676298, "AU ROC Out12": 0.48736842105263156, "AU PR Out12": 0.9222598306610963}