{"AU ROC Out1": 0.5200766747376917, "AU PR Out1": 0.26020287305073553, "AU ROC Out2": 0.8856497175141244, "AU PR Out2": 0.6075665641207526, "AU ROC Out12": 0.6329078607798005, "AU PR Out12": 0.5020433512844936}