{"AU ROC Out1": 0.5794178794178795, "AU PR Out1": 0.2801997430305178, "AU ROC Out2": 0.890054054054054, "AU PR Out2": 0.6197770836254762, "AU ROC Out12": 0.7316905140434553, "AU PR Out12": 0.5617077289095784}