{"AU ROC Out1": 0.5890607049347654, "AU PR Out1": 0.4374664002028222, "AU ROC Out2": 0.8600255386292099, "AU PR Out2": 0.023261690409737936, "AU ROC Out12": 0.5914119476286431, "AU PR Out12": 0.4421014254414098}