{"AU ROC Out1": 0.6902286902286903, "AU PR Out1": 0.19333704486606879, "AU ROC Out2": 0.8036756756756758, "AU PR Out2": 0.3362765268442316, "AU ROC Out12": 0.7458399576046635, "AU PR Out12": 0.4055785562297997}