{"AU ROC Out1": 0.5191686844229219, "AU PR Out1": 0.2599672831359775, "AU ROC Out2": 0.8854237288135594, "AU PR Out2": 0.6075655383547928, "AU ROC Out12": 0.6322103647904025, "AU PR Out12": 0.5018434615055455}