{"AU ROC Out1": 0.447687074829932, "AU PR Out1": 0.9130534249720759, "AU ROC Out2": 0.7346666666666666, "AU PR Out2": 0.565849272631265, "AU ROC Out12": 0.4576864035087719, "AU PR Out12": 0.919056694699973}