{"AU ROC Out1": 0.7363489054665525, "AU PR Out1": 0.7495101687642459, "AU ROC Out2": 0.8483783783783783, "AU PR Out2": 0.4259033659492475, "AU ROC Out12": 0.7484206767743352, "AU PR Out12": 0.7830027005013191}