{"AU ROC Out1": 0.5974339116983016, "AU PR Out1": 0.44528586938828757, "AU ROC Out2": 0.879498743401843, "AU PR Out2": 0.02550601640338784, "AU ROC Out12": 0.5998814723861606, "AU PR Out12": 0.4500838558238228}