{"AU ROC Out1": 0.49670068027210884, "AU PR Out1": 0.9199370176880781, "AU ROC Out2": 0.6993333333333334, "AU PR Out2": 0.5515921602254964, "AU ROC Out12": 0.5039144736842105, "AU PR Out12": 0.9251147765472589}