{"AU ROC Out1": 0.5131972789115646, "AU PR Out1": 0.9253442547560053, "AU ROC Out2": 0.82, "AU PR Out2": 0.7038352071395496, "AU ROC Out12": 0.5238486842105263, "AU PR Out12": 0.9311504830718998}