{"AU ROC Out1": 0.5805613305613306, "AU PR Out1": 0.2804905612205969, "AU ROC Out2": 0.8910270270270271, "AU PR Out2": 0.6270182207690845, "AU ROC Out12": 0.7327503974562798, "AU PR Out12": 0.5646501631282587}