{"AU ROC Out1": 0.7379361101973425, "AU PR Out1": 0.329123507596964, "AU ROC Out2": 0.8636763314182669, "AU PR Out2": 0.024079163292909943, "AU ROC Out12": 0.7416314145541132, "AU PR Out12": 0.33826222352610785}