{"AU ROC Out1": 0.5890374248175019, "AU PR Out1": 0.43754322867897166, "AU ROC Out2": 0.8656720970142576, "AU PR Out2": 0.02272453796145973, "AU ROC Out12": 0.591437866391442, "AU PR Out12": 0.44215674285704043}