{"AU ROC Out1": 0.7208508923571486, "AU PR Out1": 0.3147117402544679, "AU ROC Out2": 0.8918583596002951, "AU PR Out2": 0.027534304405123913, "AU ROC Out12": 0.7258765288051203, "AU PR Out12": 0.3251207123407387}