{"AU ROC Out1": 0.6750519750519751, "AU PR Out1": 0.18490758847387456, "AU ROC Out2": 0.822918918918919, "AU PR Out2": 0.3411928080666833, "AU ROC Out12": 0.7475357710651829, "AU PR Out12": 0.40292156611942104}