{"AU ROC Out1": 0.5193704600484262, "AU PR Out1": 0.2601845089574314, "AU ROC Out2": 0.8833898305084746, "AU PR Out2": 0.6036439151002568, "AU ROC Out12": 0.6317221175978239, "AU PR Out12": 0.5008280231948896}