{"AU ROC Out1": 0.5453995157384989, "AU PR Out1": 0.27113799638240277, "AU ROC Out2": 0.8065536723163842, "AU PR Out2": 0.335294172154732, "AU ROC Out12": 0.6260026504847597, "AU PR Out12": 0.42794452022695184}