{"AU ROC Out1": 0.7118747706983, "AU PR Out1": 0.7326405407701766, "AU ROC Out2": 0.8594594594594595, "AU PR Out2": 0.4558144612483641, "AU ROC Out12": 0.7268732146780926, "AU PR Out12": 0.7722381691682405}