{"AU ROC Out1": 0.6759508377155437, "AU PR Out1": 0.7587378499784482, "AU ROC Out2": 0.9321621621621622, "AU PR Out2": 0.7564766787281623, "AU ROC Out12": 0.7013019116677653, "AU PR Out12": 0.802521970074879}