{"AU ROC Out1": 0.6768068973951327, "AU PR Out1": 0.7590064039565033, "AU ROC Out2": 0.9251351351351351, "AU PR Out2": 0.7564025208885783, "AU ROC Out12": 0.7020435069215557, "AU PR Out12": 0.8027789093042018}