{"AU ROC Out1": 0.615313540107762, "AU PR Out1": 0.45325384227663096, "AU ROC Out2": 0.8578661417963254, "AU PR Out2": 0.022329277368558522, "AU ROC Out12": 0.6174182413888306, "AU PR Out12": 0.45768079660070177}