{"AU ROC Out1": 0.6772960743548978, "AU PR Out1": 0.7595141337023835, "AU ROC Out2": 0.9259459459459459, "AU PR Out2": 0.7571550927261318, "AU ROC Out12": 0.702565370248297, "AU PR Out12": 0.8032318006027288}