{"AU ROC Out1": 0.7245322245322245, "AU PR Out1": 0.2076408790859548, "AU ROC Out2": 0.8397837837837839, "AU PR Out2": 0.34904134233729633, "AU ROC Out12": 0.78102808691044, "AU PR Out12": 0.42399481719537396}