{"AU ROC Out1": 0.6773266479148832, "AU PR Out1": 0.7596398566719279, "AU ROC Out2": 0.9254054054054054, "AU PR Out2": 0.7564766787281623, "AU ROC Out12": 0.7025379037574159, "AU PR Out12": 0.8032906152586213}