{"AU ROC Out1": 0.6727650727650728, "AU PR Out1": 0.18459872428659593, "AU ROC Out2": 0.8008648648648649, "AU PR Out2": 0.34537235421786794, "AU ROC Out12": 0.7355590885002651, "AU PR Out12": 0.41514195729355136}