{"AU ROC Out1": 0.6101871101871102, "AU PR Out1": 0.1551500134820146, "AU ROC Out2": 0.8058378378378379, "AU PR Out2": 0.33040293701058626, "AU ROC Out12": 0.7060943296237414, "AU PR Out12": 0.3885932317599283}