{"AU ROC Out1": 0.6780604133545309, "AU PR Out1": 0.7595940688386968, "AU ROC Out2": 0.9248648648648649, "AU PR Out2": 0.7528611275513567, "AU ROC Out12": 0.7031421665568006, "AU PR Out12": 0.8031784156760337}