{"AU ROC Out1": 0.5402542372881356, "AU PR Out1": 0.271067817149442, "AU ROC Out2": 0.7975141242937852, "AU PR Out2": 0.29971310100294196, "AU ROC Out12": 0.6196554369812374, "AU PR Out12": 0.4159333660239667}