{"AU ROC Out1": 0.507312925170068, "AU PR Out1": 0.9241923856475557, "AU ROC Out2": 0.8219999999999998, "AU PR Out2": 0.7094531831648694, "AU ROC Out12": 0.5182236842105263, "AU PR Out12": 0.9301809893626222}