{"AU ROC Out1": 0.55635375982081, "AU PR Out1": 0.4402997116214097, "AU ROC Out2": 0.6451208204894633, "AU PR Out2": 0.010116923068208005, "AU ROC Out12": 0.5571240533740901, "AU PR Out12": 0.4433606796876939}