{"AU ROC Out1": 0.5411622276029057, "AU PR Out1": 0.2778108924306666, "AU ROC Out2": 0.8273446327683616, "AU PR Out2": 0.3755894530807696, "AU ROC Out12": 0.62949013043175, "AU PR Out12": 0.4480157642637411}