{"AU ROC Out1": 0.4720181405895692, "AU PR Out1": 0.9156655140829855, "AU ROC Out2": 0.7619999999999999, "AU PR Out2": 0.5751252860196577, "AU ROC Out12": 0.4821052631578947, "AU PR Out12": 0.9216928667191657}