{"AU ROC Out1": 0.7042619542619543, "AU PR Out1": 0.7255784792150878, "AU ROC Out2": 0.841081081081081, "AU PR Out2": 0.4055995321389925, "AU ROC Out12": 0.718166337068776, "AU PR Out12": 0.761013032945967}