{"AU ROC Out1": 0.7217806041335453, "AU PR Out1": 0.7561076963400886, "AU ROC Out2": 0.8318918918918918, "AU PR Out2": 0.4384521934750995, "AU ROC Out12": 0.7329707756537024, "AU PR Out12": 0.7879880993305234}