{"AU ROC Out1": 0.5190173527037936, "AU PR Out1": 0.25985828469539424, "AU ROC Out2": 0.8854237288135594, "AU PR Out2": 0.6075848111303562, "AU ROC Out12": 0.6321057403919927, "AU PR Out12": 0.5017535844179647}