{"AU ROC Out1": 0.5289548022598871, "AU PR Out1": 0.26474032223978194, "AU ROC Out2": 0.8042937853107345, "AU PR Out2": 0.33465995639750673, "AU ROC Out12": 0.6139359698681733, "AU PR Out12": 0.4221066987044922}