{"AU ROC Out1": 0.5358151735270379, "AU PR Out1": 0.26580467189424695, "AU ROC Out2": 0.8065536723163842, "AU PR Out2": 0.3587701946839977, "AU ROC Out12": 0.615470461044849, "AU PR Out12": 0.4296226723455653}