{"AU ROC Out1": 0.580873180873181, "AU PR Out1": 0.28013960334684007, "AU ROC Out2": 0.8910270270270271, "AU PR Out2": 0.6230943467030757, "AU ROC Out12": 0.7329093799682036, "AU PR Out12": 0.5632118720946351}